<?xml version="1.0" encoding="UTF-8" standalone="yes"?>
<addon id="plugin.video.rimlysbuild" name="rimlysbuild" version="1.0.0" provider-name="rimlysbuild">
  <requires>
    <import addon="xbmc.python" version="2.1.0"/>
  </requires>
  <extension point="xbmc.python.pluginsource" library="default.py">
        <provides>video executable</provides>
  </extension>
  <extension point="xbmc.addon.metadata">
    <summary lang="en">rincewind</summary>
    <description lang="en">rimlysbuild</description>
    <platform>all</platform>
  </extension>
</addon>
