<?xml version="1.0" encoding="UTF-8" standalone="yes"?>
<addon id="plugin.video.rimlyswizard" name="Rimlys Wizard" version="1.0.0" provider-name="rimlyswizard">
  <requires>
    <import addon="xbmc.python" version="2.1.0"/>
  </requires>
  <extension point="xbmc.python.pluginsource" library="default.py">
        <provides>video executable</provides>
  </extension>
  <extension point="xbmc.addon.metadata">
    <summary lang="en">rimlyswizard</summary>
    <description lang="en">test wizard</description>
	<website>https://github.com/rimlys/kodi</website>
    <platform>all</platform>
  </extension>
</addon>
